Id,Category
LTExODM2Mzc0ODQyOTc1ODE4NDM=,9
LTUwNDU3NzgyNjE2Mzk0OTU1NjQ=,8
ODU3OTE0MDU5NzM5NDI2MDQ2,14
LTQ4OTE2NDk5ODk4MTA3NDY5Mzg=,9
MjkzNzMwNzkxNTg5NDA1Mjk3NQ==,6
LTY0NTMxOTc0MjIxMjcyMTg4NDM=,8
OTEyOTc1NjM5NjAyMjM1MjE5,12
LTU0ODExMzc4Nzc4ODg2NDIzNDA=,6
NTMyNzg5MzE4ODM4Mzg5NzIzMQ==,14
ODQzOTk5ODA1MDM2NDg3MTM1Mw==,1
Mzc0MzE3Mjk4NzUwMjgxMDIyMg==,8
NzQ1NTU0MzkzNDY2OTcwOTEyOA==,6
MzQ1ODQwNDc2MjQ5NTQ3NDM5OQ==,14
LTU4NzgzODE0OTUwODQxMjkzNzY=,14
ODA3OTc3MzExNTA5MTk3Mjc4NQ==,10
LTQ3NDYyNjg0NTQ1MDkyNTk0MTg=,13
MTY4NDQzODM3OTA0Mjk5NjAyMg==,14
MzMzMTUxNjAwNzk2MTM5NTU3OQ==,14
LTMzOTIzMDk3NzA1OTM1OTI3MDE=,5
LTg0NjM5NzgwMTYxNjQ2NDEzMzM=,6
LTgyMTI2MDQ0ODkyNjQwNzkxMTE=,8
NjkzMzYzNDM3Nzg4MzM0Mjg=,11
Mjg2NTk4NzYyOTY2NDkzMTU3NA==,12
NDk1MTQxMDQ5MTEzMDEzODAzNQ==,1
NzM0ODUzNjQxNjI2MzU3NTg1NQ==,3
LTU4MjE4NzQ0NTM2ODI1OTcwMjQ=,14
LTMwNzQ2NTQ4MTczOTA5NTc3ODc=,8
LTQ0MTI5OTQ0MzExMTI3MDgzODY=,7
NjczMjQ1MTcyMTE3NDUzNjAyMg==,9
LTU5OTIyOTkzMDIxNTE2MjE2OTg=,1
NTk0ODM2NDQzNzA5MjYxOTIyNw==,9
ODIxNDg2NDI1NzQ0NjY0MDIzNA==,11
LTI5MjE0NDczODM2MzczNDQ4Mjc=,12
OTkyMzIyNzAxNTYyMDAyMTkx,14
LTUzMzczMjE1NzUwNDMzMTM2ODE=,9
NTk1MjIyMDc0MDk1MzkxNjcwOQ==,0
NTgxNTc3NDU2OTE1MDc0MTg4NQ==,6
NzQwODk2ODc4NTQ0Njc4MjA5MA==,14
MzEwODYzMjc5MjkwODA0NDA2NQ==,11
LTEyNzgxNjU3MDg4MTcwNjExMDg=,4
LTkxODg1NTM2ODU0NDU0ODQ0Njk=,12
Nzg1OTQ2NDA5MjU3OTQzMzI2MQ==,11
LTc1MDMwNTg5ODYwOTU5OTAxMTc=,5
MTk2NzA4MTI2MjM5ODQ3MDQ1Mg==,8
Njk1NzAyNTU5Nzg4MTkxOTcxNw==,14
LTYzNjAwMjQ4OTMxNjA0NDg0Mg==,14
LTY2MTAyMDYyNjc5ODk5MDIwNjY=,8
NDEzMDU5MDE5NjM4ODE0Nzg3MA==,11
LTc2ODE2NjYwODA5NDAwNjAzNDU=,10
MjMxNjQyNTAzODQwNTgzMzgxMw==,3
LTQyMjU1NDM2MjMxMTg0MjM3ODY=,14
MzkyMjcyNDk5NDIwMDY5MTU3OQ==,14
LTg5MzExODAxNzM2MzQyNzU0Nzk=,6
MzU4ODIwNDk2OTkyOTIzNjM5NA==,12
NTUyNTgxNTcwNDk0NDgzMTY4MA==,10
NzExOTAzOTQ2MDQ3NjM0NDU0OQ==,14
LTE1OTQ4NDE2ODc5MDc4NzAwNzY=,6
MzU5OTg4MTQ0OTYwNDUxNzMwMQ==,10
LTYzNzU5MzcwOTg4MTQ0MDAyODU=,0
NjkxMjAwMjMxNjczNjM2NTQxNQ==,10
NTAzNjI4MzcyNTk3Mjk3MTgyNw==,13
ODI1NDI2OTkzODYyMzA3MzE5Mg==,9
NDUzNzk2MDkxMjY3NzUzMzU0Mw==,14
NjYzNTk1Mjg2NjEyMjQ0MzEzOA==,3
MTczNjIxMTMyNzI5Mzg4ODI=,14
ODc3ODE1MTQxNDE2NjU2MDAw,14
NzE1NTQ4MzE1MzA2MTU2MjY2NA==,10
LTU5OTE0MDk3MjgxNzQwMDc5OTg=,6
LTI4MjAyNjg4Mjk4NzQ2MTg4MDc=,10
NjM3MzExMDgxOTE2MTkyMjAzNA==,9
LTIwMTA2NjU0ODU5NzY1NzkyMjA=,4
LTU2MzQzNDAwNTA3MzUzNTg2NjI=,14
NTAzNTk4NjMyNDM2MDU4OTM5Mw==,13
LTg3MDcyNDE0MjkxNjAyNTY2MjU=,10
LTY2ODA3NDU1MDY5NzI5MjAxNTg=,14
NjAwODI3NjM5NTcwNDE3MjAxMA==,6
MTE2NTUwMjUwNTk3OTYyODI=,11
ODc3OTQwMDY4MjcwMjcxMDM4MQ==,11
MTc5NzIwMzIyMzg3NTQwMzgwMQ==,14
NzE5MjM4Mjg5MTQxMDkwNzMxOQ==,14
LTIxMjA2NjAyNzg2NjUxNzE2MQ==,8
MzM5MTk1MTk2MzExODU0OTE4Ng==,8
LTQ3MjM0MDA3MDg2NDQ3NTk2Njk=,14
LTMwMzQ0NjMyMTIxMzE2ODAyMDM=,14
ODk0NjY4MTc3NzA1NTM0ODA5NA==,14
LTc4NTQyMDE2NzM4MDI1MTU0OTc=,6
LTQ1ODcwNzM2MTczMTI1Mzg0NDI=,0
MTM0NzQ1MjE3OTIzODA2NjIyOA==,5
LTM5Nzc2OTUzOTkzNTQyNjc1OTI=,4
LTczNzU3MDk1OTk0ODU2NzM1NDU=,13
ODY2MDg0MDM4NjA3ODU4NjkzMg==,14
NjYyNjA1MTMyMjk4NjQ2MzM0OA==,4
LTMwNDk3MTc5NjQ1NDY0MjAzODA=,6
LTY4MzA0MTYyNTEyMTEyMDA5NQ==,0
LTI0NjE3NDYxOTU0MTk0OTYzOTY=,8
NDYyNjQzMDQ0MzQwMzIwNDkzNg==,3
LTYwNjg4NTEyOTYyMDAwMjE5MjI=,10
NDQxOTg5NTE2MjkwNzkzNjI2Mg==,5
MzM0ODc3NTg2MDQyMjQ2MzE3NA==,11
NDY0MzQ1NTY4Nzk5MjA3MTU5Nw==,14
LTcxNDE1MTk0NjIxMzA1NTY3Njg=,12
NjY0MzI2ODk2Njg5NjYzNzk0MQ==,0
NTE0MDU3NDI2Mzc1NzEyNDczMg==,11
LTUxNDAzMjU0NjUwMDc1MzEwMDU=,3
LTI4ODc5NzQzNDU4OTMxNDM3MDM=,1
Njc4NTU4MjAwOTkwMjc2NjI4OQ==,13
LTYxNjk0MTE3ODEzMTg0MDM0NTc=,6
LTU2Njc0MTQxNTgwMDE2NzM5NzE=,3
LTU1MjQzMjEzMjE0NjA2MTcxNDg=,6
NzE0ODUxMDU2Njk4MzE4NzUyOQ==,9
NzcyNDEzOTk4MzA3NzEzOTg2OA==,10
NzgwNDEwNTg3NjYxODA3OTMxNw==,1
NzY5NDQxNzM5MzIzNDQwNzg4NQ==,14
LTc2NjM4NTIyMDczNTc0MDYwMjE=,6
NzQwNzc2MzMzMzQwNjY3NTE2MA==,14
LTc2ODQ1MTY4OTQ4MzA3MDkxMDQ=,3
LTY2MzE5MDY1MTUwMzU3OTExMjc=,9
LTc4NTYxNDYzMDA5MjEwNDI=,14
Mzg2MjUwMjEwNzY5OTYxOTcyNw==,6
NTUzODM3NTg4NTQ4MDA4MTY4MQ==,14
ODY4NTA0OTYxODE5NjU4NDgzNA==,14
LTcwMDkzMDQ4MTM1NDQ3OTE3MA==,14
LTUzNDUxMDE4NDQ3NDQ3MzgwMjA=,7
MzA1NjUyOTYzODAwMDcyOTMwMQ==,13
LTYwMDQ5ODA0NTcwNTQzNjcyODI=,8
LTQ5NDkyMDgyOTM3MzczNjk2OTE=,14
LTYyMjE3ODMyMzYwOTAyMDE5Njg=,8
ODg3NDczMjA1OTczNTU0ODAwNw==,14
OTE3OTk4MTU1Mjg4ODIzNjAzMQ==,8
NzIyODkzNTg1OTc4ODI3NjIxMw==,1
LTE1ODAzOTY4MjA4Nzc3MzUzMDQ=,10
LTI5MDcyOTk3OTczNjI2ODQ2NzE=,4
MTQ2MTAwMzkwNDI2MDk1MzMxNQ==,12
Njg5NzE2NDMzODExNDAxMzc1Ng==,12
MzA2MTY1MDE4MDQwNTg2MzI4,3
MTE3NzIyMTY0ODg2MTIwODY2NA==,14
LTQwNzEzMjE0NDc2MTE4NTA4OTU=,10
NDY5MzQ3NDIyNzg1MjUxMTU2OQ==,13
LTIyOTc5Njg3NTQ4OTMzNDY2NjY=,14
ODA4NjAxMDE4NDA1NDY1MDA4Ng==,4
NTA3NTgwNjk1NzAzODAyOTU0,6
LTU0NjUxNzIwMTA2MzA1MTUyOQ==,12
NTQ5NjEyODY5MTQ3ODQwNTQwNw==,6
LTIxMTAzOTY1NzQ4MjQxMjI4Mzg=,0
NzY0NzgzMzcxODY3NDIxODY3Ng==,0
LTUyMTQ0Mjk2MDc4OTQxNDA2NzA=,1
LTU1MjM1NDkzNDc5NTkyMzExMTg=,12
LTU4MDQ3NzY4Nzc5OTQ1NTE2Nzg=,13
Nzg2MjM1NzY0OTYwNDU5MzA4,7
ODYxODM2NjkyMjMwMjcxODAyOQ==,1
LTIyOTkzNDY2ODkwNjc0ODg5MTM=,6
MTYwODMzOTM3NjIxNjY3MDcyNQ==,0
LTIyNzU3NDE5NjgyNzg3NDg0OTU=,9
Nzk1NTM2NTIwMDQ5ODY2NTIyMQ==,12
LTM4OTU0MjY4OTAzNzYyMzMwMw==,7
NTcxMDgxNjAzNDM4NjMyMjAwMA==,12
Nzc2MTA3NzQ0OTgyMDQzMDI4MA==,7
MTI2NDM1MzcwNTk3MjA4NDcwNA==,14
LTgzMzExMDY3OTc4MDQ2MTQ2Mzc=,2
LTgxMzY5NDQ3NDQyMDExNzI3NTY=,6
LTYwOTcwNTI2NjAwMzkzMjk5Mzc=,9
LTc2MzY5MzU5MzE4NTc2Mzc2MzQ=,5
LTc3NTgxMDgwMTI0NzI2OTA5NDc=,0
NjY0MTc4NDI4MTk3MjI3OTEwMg==,12
NjM1NTU0NzI1MDIwMDkyOTE4NQ==,7
LTE3ODYxNTczMDk1Mzk5MDM4MDE=,14
ODgyMDMwODMzNjYwMzM0MzMzMA==,8
MTIzNjQzMDk1NjgwNTAzMDUxMw==,5
MTY1MjA4NTE0MjU2NDE5MzY5MQ==,3
MTQ4MTgwOTM2MjcxMjI1MTY5NQ==,9
LTE5MjY0MDQ4NzQzNzk5MDMzNTc=,13
MTg5NTExODM0NjA2ODEwNTM4Ng==,9
Njg1MjU2NjA4MDMzNjM3NjkzNQ==,13
LTY2Mzc1MjIzMTA5NjU4ODA0Mw==,6
LTU1ODEzNTcxMzc1OTIwMTMwMzk=,6
MTA1MDkzNzUwODQ4NDA3NjMzOQ==,12
LTI1ODc2NjY4NTM1OTMyOTQzMzE=,0
ODE4NDQ2Mzg4NTY2NTk2NzQ5OQ==,4
LTY3OTE2NTg3MjE1NjQ0NjM1NTg=,10
MTAyMTMzMjAzNTYzOTIwOTcyNg==,13
ODI0NTcxNjg3ODg1OTU4MzAyOA==,8
NjI1NzQwODk0MzI4MDA0NDk1NQ==,14
MzM3Nzk3MDc4NjAxMTkzNTk1Nw==,14
NTcwNzE2NjMyOTMyNzg1MzU2MQ==,6
NzUzNzQ1MzM2NDY2MjU1MjUxNA==,10
LTcxODU2NDY5OTk4MDU2MDU3MTA=,14
NTc4MzE3NjgzOTMzNDMyNjkwNQ==,14
LTY0MzU0NTEzOTIxNTIwNjA0NTM=,14
NzUwNzU0OTU5MzE4NTUyMTEyNw==,14
Nzc0NDY2NjQ0MzIwODIyOTg1MA==,6
LTI0NzU0NDA2MzAzOTIwNTEzMjg=,13
NzM3MjEyMzI3MjY1NTYxOTY5OA==,9
NjEzOTg0MTg0MTE2MzIzMTYzNg==,1
LTYyMjk0OTUwOTg5ODQ5OTQ0MTk=,11
MjM3NTMwNzM5MDY4NTIwMDU4,9
MTU3OTMyMjU1MzkzMjA4Mzk0Nw==,4
NzEzMDEyMjYyNTc4OTg4ODI3OQ==,9
NzYzNjA1NDAzMTI0MTE0ODg3NA==,12
LTM5NjA5OTE1NzU3NzcyMjAzMjE=,1
LTI5MjUxNTgzODUxODA1MjY2MTc=,5
MzM0NDI2MzMzNzE5NDYxNDUyOQ==,7
MjcwODk3NzY3MTA5Mzg1OTY5Nw==,9
NDIyMjczNzUwNDUxMjAwNzM3NA==,1
ODQ2OTIwMzcxNDEyOTg4MTI1MA==,0
MjUyNTY0ODUyMTE4OTI1MDI4Nw==,1
LTMyNDc2OTI0NjUwNTEyNDU3MTQ=,10
MjY0NzI1NDM3NzE4Nzc0MDUyMg==,0
MjUzMDczMjA5MzUxNTY3MjQwMg==,12
LTExMzk4NTg0Mjg0NTU2MDg4MTU=,14
LTE2MDQ3OTYwMTU3NjY0MTE4NDQ=,14
LTUwNDQxMjQwOTEzMDEyMDI4MA==,11
LTIzNDIzNzY2NjM1ODUwMTMxNTY=,10
LTY2NjY2NTk2NjUxOTkxNDE0Nzg=,11
NTQ5NjAzNjkwNzEzODg3NDI4,3
MjQ0ODUxMDU5MDI3MDEyMDE3Nw==,8
LTE5MjEyOTMyNzA1NDAxNzY2NzY=,4
MzgzMjMzODYxNzM2NzIzNzI0,9
ODIzMDQ5Njk4MzQ3Njg0NTYzMw==,13
LTkwMTc3NzYwNTExNTUwNzY0Nw==,13
MTMzNjMxMTMxODEzMDk0NjAyNQ==,8
MjYxOTUzMjk0MjQ1NDIzNjQ4MQ==,10
MzMwMzk1MjMyOTEwNzIzMDMwNQ==,3
MzY1NzY1NTE1OTc2MzA0OTc5Mw==,8
LTMyNTAxMDg3ODkzMTM2NTMwMQ==,13
LTUzOTkxMzg0MzM2Mjc3MjAwMjc=,6
LTgwNzYwODgwMDc2NTkyNjA3NQ==,8
NzAzNDMzMDU2MjU4NDkyODAwNg==,6
LTkzNzU4NTgyMjY0MzE4Mjk0Nw==,1
LTUzNzUxODgxMzg0NzQ0ODAwNjc=,7
NjA0MTczNjQ1OTg0NTM3MDcxNw==,14
LTE0ODE0OTczMjAyODUzNzkwNzA=,5
MjMxNjE0Njk0MTgyNDQ5MzA5Mg==,14
LTg5NDQ2MDMxNTU2MDg0NTM5ODI=,13
MzMyNzg0ODg2ODg2NTY0OTIxOQ==,6
LTM1MDYzNjQzNzExNDU5NjkyMTE=,13
LTI4NzM1NDk4MDM2ODQ0OTY3OTk=,14
ODg3ODAyMDkxODA2MjkxNzcxMQ==,14
LTE4OTA2NzI3MTEyMzU3MjU5Nzk=,6
LTYxMjc0Mzc1NjkzNDM4MjExMzg=,9
LTczNTgyODQ0MzM0MTA0NDU4NDQ=,14
LTIzMzI2MjI5NzIzOTE4NzYxNzA=,10
NDU4NjQzNDM5MzIwMjIyOTk2OQ==,12
LTI1MDU4Njc0Mzc2NzkxODQ5NTM=,1
LTI2NjY2MTE5OTcxMDkxNjY0NzU=,7
ODM0MjEwMTc1ODM1NzI5ODc4OA==,1
NzAyNDUyMDQyNDE4MDM2NjM3,14
LTYxNjgzMTY0NTYxOTM3MzkyNzA=,10
LTQwMzEyNjEzMjM0MDg3MzYyNTQ=,8
LTU5OTc1MzM0OTU3MjQ1MjkzNDM=,4
LTg2MjA3NzAyNDE2NDI5NTAzODM=,14
MzEzMjQxMjc4NjgzNzIxNzkwOQ==,3
LTQwMjg1MTI3MDg2MTg1ODA5NDQ=,10
LTM3MzI2OTI3OTI1NjI0OTI5MzU=,13
MTQwNTg5MjA2MjIyODk1NTcwNQ==,14
MjgzNzUwMDg5NzYyNjY1ODU4Ng==,4
NDA4NjA5OTI0NjE1ODUyNDY1Mw==,0
LTM0MzU0NTY1NTM5NTI4NjUyMjk=,5
LTc4MzMzNzI1NTE5MzQ3Mzk1MzM=,11
LTUyNzY5MDQ0NjA4MjQzMDkwMDk=,12
LTg3ODczMzA4NjU0NDIxNDIwMjE=,14
LTc5MTUyNDk2MTA4MjQzMjYwNzE=,10
LTUwMjk4MzA2NjAxMzU1ODg1NDE=,14
ODQ0MzUwNjQzODQ3MTY5NTkzNQ==,14
MTAwOTk2MTMzNzU2NjkzODY1Ng==,5
NDgyMDEyNTQwNzg4Mzk0NDA3MA==,13
LTU3Mjg2OTE5MjgyNDkzNTUxNjc=,8
ODc2NTYyMjUyMTAzMjM1NTQwMg==,5
LTMzMzg4NDEwNTk2MTU4MzE4MjI=,13
OTE5MTU3Mjc1NDQ1Nzc1NDg5,1
LTg3Mzc1OTE4MTcyMzMwOTU3MzQ=,9
LTI2ODU5MjM0MjE1MzI0NTI2Ng==,14
LTQ0MzgyODI5NTk2NjQzOTE1MDM=,14
LTU5NTU3MTkxNjEzOTQ5OTU3OTA=,12
LTgzMDAyNDg5NzIzMDU3MTEwNDY=,2
LTQwODM0NjIzMDEyNjIxMzgzMzQ=,11
LTUyNTk1NzI2ODczOTQ1MjU1ODM=,10
LTg2MDMzMDc3MDkzMTc3MTkxMTc=,14
NTg0NDE4NTMwMTUxMDMyMDc2Mw==,6
LTYzNzQyMzI5NjA1MDQzMDYyMzE=,6
Mjc4NTU5NDczNzYwOTk3NDYxNA==,1
NTUxOTMwMTMxMzgwODMwNzY0Mw==,14
NjU0NzQ2MzU4Mjk3OTkzNDQ2NQ==,14
LTIyMDE0Mjk0MjE1MDE5NDYwMzM=,14
LTEzMDg2MTY5NDg1NDc0ODQ1OTQ=,9
ODkyNDIwNDE4ODA4ODMzMjgwOA==,10
LTE4NDM5NTk2NDQxMDg2NTQ1OTI=,0
NzIyNTA2MjYxMjAwNjAzNjU0Ng==,14
NDg1NzY2MjE4Njc3NTY4Nzk2,5
NTE0MTgzNzQ0MTY4ODQxMjcwOA==,11
LTIzMDg1NjAwNjU2NjYzNzA1ODk=,9
LTgwNDYxOTUxMDE4NzA0OTA1ODY=,14
LTMxMDQ2MDk0MjU2NzgxOTY3NTY=,14
NzM4NTY3NzU1NTQ2NzgxMDM4Nw==,14
OTEyMzIwMjI5NDY1NjY4MzY2Mg==,14
LTUwMjI3MTE3MDMyMTE0Mzc3MzA=,6
MzkxNjQwODc5NTM2NzMxNzE5NQ==,13
NjYxODQzMTQwMzI2ODI5MTA5,9
LTM3NjczMDcwMDk3Nzg1ODc2ODk=,12
LTU4ODE4NzA2NzY0NjMzODM4MzE=,5
LTkwNzYwMTk2MjE4NTIwMDg1,7
NDI5Mzg1NjQ5ODM2MzI3MDQ5Ng==,0
LTg0MDgzMjA3NjMyOTU3NzYyOTY=,6
LTQwNzg3MDkxMzUwOTQxNjAwMDA=,14
Mzg3MDQwODg0MjU3OTYzMDI1Ng==,14
NTgwNDMzNDc0NjQzMTA2ODQ1Mg==,0
LTE5MzQ3NzU0OTY0MzIyOTk3Njc=,12
NDkzMjA2NjUyMTU5MDEwMTE2MQ==,6
LTU5NjE1NTkyMDA2Mjk5OTY1MTM=,7
NjMxMjQzMjc1NjU3MTc2OTAyNA==,14
LTE2Njk1MjgxMjI2NTg3NTA5NzY=,0
Nzc4NzAwMTgxNjE1MTQ3ODkx,10
MjM0MzE2Njc1NjIxMDA1MzgzOA==,6
NzAyOTQ5ODI5NTU3NjA4NDg0Ng==,8
ODc1NTYyNDg0NzM3NzA3NzkyNQ==,14
NzU3MDgxMjY4OTQyMzY2NDE2Ng==,10
LTIzMzA5OTM2MDQ5NTIwODI1NTU=,13
LTI4Nzc2ODUyNDk4MzA3NzIwMjc=,4
LTU0MjAzMjQ4MTU5NDQ3MzMwNzc=,6
LTE4MjcyNTE4Njc3NTcxNzcyNTQ=,14
ODU5Mzg4NDk3MTQ0OTUyNDA5Ng==,14
LTMxMTQwMTU1MTEyOTk0NDk3OTQ=,13
NzQ0MDI1ODc1MzE2MzUzMjAw,12
NjAzMzk5MDA5Mzc3ODY1MDAwMg==,4
NzgyMTYyMTM1ODYwNDM3NTc2,3
NjkxNjA4NDgzMDcwMzA5ODE0MA==,14
NjI4Mzk1MzI4MTIzNjkyNjky,0
MzAwMTQzNDQ3ODAwNTk2MzgxMw==,12
LTIwMTgxNDg0MjU1MDExNDE4Mg==,6
LTQwNDczNTA3NTEwNzQ1MTIyMw==,9
MTkwMzMwMTU1MDE5NTEwMTI5Ng==,13
ODk4NzkzMzc1MTExNDAxNTU3Nw==,14
MzgyOTI0MDM0Njc4ODc3OTYwMw==,12
NjM3MDk4NzE3NDA3Nzg0NzE2OQ==,6
NDU0ODE2OTIwOTg2MzQxNjI2,7
NjA3NjQ4MjI2ODEwNzk0OTg5Mg==,14
LTU2NTQwNjI1NDYzNDIwNzYzMjU=,14
LTkxMzE3MTkwNzk3MzI1MjUyODI=,0
MjE3MjU2NTcxNTk5OTc5NjgzMQ==,6
NjcxNjM5MTU1NDc5NjUxNzMyMg==,14
LTYxMjY3MDcwNDc2OTQwODk3MjQ=,1
LTg4ODAyMzQwNDA0ODY4NTEwNzM=,7
LTg5MDMyNjk2NDgzNDMzOTE0MDk=,14
ODk1MzkxOTI0MTEzNzU2OTAwMA==,5
NTUzNTc3Mjg3MTQ0NjMyMTgyNg==,8
LTczMTMwNzgzMjkzNTc2MzM5ODU=,6
LTc4MjMxMTUwNzkxNDYyNTY3MDc=,0
LTM5NDM0MTg2NzE1OTcwNDI1OA==,2
LTQyMzAwMDAzMzE1NjEwMTE4Mzg=,11
NjIzMzc5NTIwMjYwODE4Mjc2NA==,9
LTc2MzYyMzQ0NzMyNTc4NDAwMzc=,0
ODE3MTM2NjgwNDU2NjA2MDEzOA==,0
MTg3ODM4OTg1OTUzNzk3MzY3Mw==,13
LTg0NTQ0MTg3OTQ3NzEzODAyMTc=,12
MzAyODgzOTkwMDYyNTQ0NTk2OQ==,5
MTc2MzI1NzQxMzk4ODg2MjUyMQ==,4
LTYwNzA1NTkzMjUzNDM4MDA1NzI=,14
LTMxMzM0NDI5NTg1MTg2NTQ4MDM=,10
LTQ2MjI2OTkxMzE1MjI1NTgyMTY=,14
NzkxNDAyMDU3MTc2ODgyODU4NQ==,14
LTQ3NjcxNTA0NjI4Njk3ODMyNzk=,7
MzUwNDYyNTE4NzE3MTYwODg4Ng==,14
LTc1MTQ2MDYyMjgxNjQ3MzE5NjQ=,11
NTYyNzU2NzM2MjE4Njc2OTg3,14
LTUzMTI3NzA4MjM1MDkyMzI4ODY=,1
NTY2MTI3MDc5NDM4Nzk5MTAw,13
MjEwMzU4NTkzNDM5OTcwOTUyMg==,0
LTg0OTIyMzA2MDIxNDIzMDQ0MjY=,6
NTYwNDYyMDAwNDY0OTIzNzMwMQ==,3
LTQ2NzM2OTU2NDc2NDExMTUxMw==,12
NTA2MTkwMTU1NjkxODA2NDkyNQ==,14
LTU2NDYyMjcyODQ2MjE0MzcxNTQ=,3
LTM1MTMxODYwODkyNjk1MDEwOTA=,13
LTQzMjMwNDc4Njc4MjQ5MDI2MzM=,9
Nzk4NjEzNTA0MTQ1MTI3MDUyMg==,5
MTcxMTA3Njc5MTUwODg5OTIxNA==,14
ODA4Nzc5NDYxNTM5ODkwNTQ3Ng==,14
OTE0NzQ3MDI5ODg0MTI0MzA3NQ==,14
LTQ2MzM2MDEyNjQyMjU5OTk0NDk=,14
NTY0MzMyODM5MTA5NzQ5NDQ3Mw==,6
LTI2ODk5NDE0NjU3NTM4NDc0MzE=,10
LTg2NTk1MTE2Mjc0NDk0NjM5MjQ=,8
Mzg3MTAzNzI1NzIzNzM1NTkwOA==,8
Mzc5MTMyOTcwNjE2NTU5NjU5OA==,0
ODAwNzk4NTM5ODQ0ODM3MjIy,14
LTQxODQ5NjAzMDQ4MTM3NDMwNDg=,14
LTI1Mzk5NTcwMTU2NDk3MzgyNDI=,1
ODkxOTAyODM5MzU2MDM2MTA0Mw==,9
MjgyMzIwMDgyNjc0NzI0MzAy,6
LTQ3MzI5Njg1MTkxNzU3MTYwMzQ=,5
LTY1MDc2MTUyNjY5NTMyODQ2NjE=,11
LTQ0NzI1NDQwMjk2NTg5NDIwMDA=,14
LTcwMzgyNTg4NjUzNzU5NTU1OTI=,3
LTc2MTEwNDMwODM2Mzg4NTQ5OTA=,8
NDE2MTU0MjE5NDUwMjU0NTU2Mw==,3
LTU5MjMzMTY1MjAzMTI5NTMyODI=,13
LTkxODI3ODg0MzA5NjkyMDA2NzY=,13
LTE4OTMzNTE3MDQwMjA3NjY0Mg==,8
LTUyNDE1NDQxMDY0OTU5NzUwNjQ=,14
NzkyNDkxNTM0MzY2MDA0MDgzMQ==,6
LTEyNjI3NDEyMTQzMzU4MTkwMzk=,6
LTI0MTg5MDc2MDE0NTU0ODUyNTM=,14
LTk2NzQ1MDA4NjE1MTQ2NTQ5OA==,14
LTM0ODA4NTU0MTIxNDg2ODc1MTM=,13
MjcxNjY1MTg0ODU0NTc1NjMy,9
LTMwNjQzNTU0NDYwNDM2MTUyNzA=,6
LTI1MzI0MjQyNTgzMjQ0MTk3MTQ=,5
LTIyNjIyOTk0NTg2NDU2MjA0NDM=,10
MTA2NTUzNzU0MTg2NzgxMTkxMw==,14
LTI4MDg3MzcxMTY1ODk5NDg1NjQ=,14
LTM4ODgyMDkxNDYzNTEzNTk5NjM=,13
NzkyOTY2MDk0MjYzMjA4ODk3Mw==,11
LTQ1OTUxNjA2MDgxMDQ5NjMzMjU=,9
NjYwNDQwODE2MTQxMjA3MzY3,14
LTE2ODMyMTE3MjM4NzE3ODc2MTk=,13
LTY2ODc2NDg1MzQxMDM0NzI5MzA=,5
NTI4ODM0MjU2ODE1NjQ2NDI3MQ==,4
MzU3ODc3NTAyNjM3MTk2MzY1MQ==,6
Mjg2NDEzMTMzOTQxNDUyMzc2MA==,10
LTIzODU4NTMyMDkzNDgxMDI5MzE=,1
MTUyMDEyMDI2NTA1MzI4NzA2Ng==,3
MTIyMzUzMzYzMzU4NDUxOTQ4OA==,5
LTIwOTYzODUxNjkyNDA5Mzg4,1
LTU4NjE4NTI4NTU2MDk4NjgwNzY=,6
LTY1MTMyOTU2NTcyODgzMTM5ODI=,8
LTM2MTc4MzA2OTgwMjE1Njk0Njk=,14
LTkxMDA1MzM4NDYxODY4NDQxOTc=,0
LTY4MDUwNzEwNjY0ODkwNTIwNjM=,11
MTc3MTQ0NjI0MzUwOTU5MjQ4OQ==,10
LTk3MjUzNzM5NTExNzIxNDQx,5
MTkxOTQyMjY4MTA3MzM0NDQ1,12
NDU3Nzg5NzA3Njk5NDY3NzAzOA==,10
LTIxMDEwMTEwNDk2ODY4MzM4MQ==,6
LTYwNDA0OTM5OTQyMjk5ODIyODc=,10
LTg0ODcxNDk3NDg1NTk2NzA4MzM=,12
LTY2ODE5OTg5NzQwMTI3MzY3OTc=,10
NTkxNDAxOTEyOTkwMTAwMzc3Ng==,9
LTE5ODc2OTY5MzQxNzcwMTE2Mzg=,6
MTI5MTMzOTQ0MDE2ODM2MzkzMw==,0
MzIyNTAxMzIzNjgwMDkwMzI3Nw==,14
LTE1Nzg4MjM4MzQ4MTA0NDk1MDQ=,9
LTM0ODQ0Nzk5MDE2MjgyNTI0NjQ=,14
NDA1MzI1NzExMTY0MzExNjQ3NQ==,14
LTU5MTk0Mjc3MDYxODcyMDU4OTE=,14
NTM1NTY4NjA0NDgyNTQ4NDM5,11
LTY3MTI3OTI2MTkzOTI3MDUzNDM=,9
LTczNjQ5ODQ3Mzc3NjIyNzgyNTI=,6
LTYyNzIxNTMzMzEzMTM3MDM3Njg=,14
LTg2NjU4NDQwOTM2NTMzODkxMDY=,4
MTk1ODAwMzM1MzczMjU0OTgzMw==,13
LTY2NjUyMjc3MTc4OTYwNTQ5NzU=,3
LTE5ODczNDQzNDU0MDUxMDQzMDU=,4
LTMxNDMxNTYyMTU3MDA3NTYxMzU=,14
LTc0MjUzODY3NjQyNzMxNDA5NDc=,10
NjEyNDM0NjEyMTk1NDM5NDQ4Mw==,8
Mzk5ODE2MDA5NTA5NDkzNTU2Mg==,9
LTQwODA1MjU4MTQxODI1NzUyNzM=,1
LTYxNTQxOTEyMDMzNTMyNTI5Mjc=,5
LTM0Mjg1MTMwMzU1MTczODI0NDU=,14
LTgyNjA3NTQzMDYwNjk0NDI1MjA=,5
NTkyMDA0ODAwNjYwODg5MTI1NA==,14
MzgzMzU0NjM3MzY3NDA5MDAw,14
MjEyMzA0MzQ3MDUyMTI2NTcxMQ==,8
Mjk0NDIyMDY0NjIzMzg0MDg2OA==,9
NTgyNjY2MjA2MDQ2NzA4MTUwMg==,8
LTQwODY4NTYzNjY3MDMyMzgzNzg=,8
LTM4MTk0OTY4ODIzMjQ2MDk5ODE=,1
MTY4MTg2NjYzMzI3OTc1NzIxNQ==,14
LTIwMDk1MDg0Njk4MDIxNTQwMTQ=,3
LTgxNDk3OTQxNzY0MTkzNzMzNTQ=,12
LTMxMzM0MTA0ODUwMjU1ODc3OTE=,11
ODY1ODIyMTQzNTQ2MTc3Mzk2Mg==,9
NTI4MjE4NzAwOTQzMDQ1MzU2MQ==,10
LTgwMTAxMDc0OTIwMTAyNjIzNTY=,14
MzcyMjgzMDYzMDIxODY3NDE1Ng==,0
LTMxMTI3MTc1NTQ3ODU1Mjk3NzM=,13
LTM1MTMwMjE3MzY0MzExNzUzNzU=,11
LTQyODY3MjE0NDIxNDE5ODgwNjk=,11
MjA3NjgwNzA5NjkyNTkwMzI0OA==,11
MzA5OTM5OTY1OTY0Mjk2ODY1MQ==,6
LTYyNDU2NDk4ODkzMjgzMjk4NTU=,10
LTYxNzIwMDUyNzI0NjI4NjYyODE=,1
LTExNTM1OTY5NTU3MTk3MDQzNQ==,14
MzMzMjY5NjIwMDYzNzMyMTA3Mg==,14
LTEzMTcyOTczMDMwNzcwODczOQ==,6
LTU0Mzg5ODAxMTYzNDQzNTQ3ODI=,14
LTI1NDQ1MjAzMTA4ODk3NDcxNDY=,6
Mjk1NjY3NzA0NTI5ODQ1MjIwMg==,8
MjQwNTc1NzI5Nzg2MjE3MTUzMQ==,14
NzExODAzMjczNjY1MTA4NjczNA==,14
NzUyODMzMjU5NzEwNTczMzQwMQ==,1
LTkwNjc1NjQ1ODgwMzEzMTkzNTk=,13
NDIzOTUxNTQ0Mzg3ODM2MTc0Mg==,1
MjM0MjMyNTAxNTAxODQ0NTc3MA==,14
LTQ4NTMzMDA2NTM3ODAyNDUyOTI=,8
LTY4MzQ5NzgyNDcxMTk3NDQxMDA=,3
Njc0NDgzMDI4OTY2OTg5MjQ5OQ==,8
LTEzNTM3NzQ0Njc2ODU5ODY2NDg=,10
LTMxOTczNzMwODczMDgwMDA1NDI=,10
MzI0MTI1NDg5MTc4Njk4NTY4NQ==,5
MzQ0NzEzMTA1OTM0NzEyODcwOQ==,8
LTg3NDY3OTY4OTYzNDAwOTcyMjM=,14
MzM0NDA3ODczOTU3Njg2MTc3MA==,1
LTU3NjA3NTE3MDc5MDc5ODQ2Nzg=,8
NDE4NjUwODkwMTExMjQ4NjExNQ==,14
NDI4OTE2NjE3MTI4NDg5MzEzNg==,4
LTg5MTMwNTEyNjM2MDc4Nzc1NDc=,11
OTQ5NzI4NzYyMjM4ODU4NjY4,3
LTI0OTcyODk3NjU0NjE4ODMx,13
LTYwODYwODA5NzkwMzYyOTAyNzY=,7
LTU2OTQ3NjYzNDc4NDEyNTQzMjA=,14
LTk1MzAxMzI2MTM3MTEzMzk5OQ==,4
Njc0NTYyMjg0NTg4Njk1MDkzNA==,14
LTczNjYwNDYzNTE3NjMwMDM2MTc=,4
LTI0ODc0Njk4ODYxNjk0OTI2MzQ=,5
LTI4MzYxODk2NDk2MjIwNjU0Nzg=,5
MzA5NzgxMjE1Mjk2NzkwMjQ0NQ==,12
MzY3NjY2NTA3OTQ2MDIyMTExMw==,5
NDIxOTkyMjczNTU2MjQxNDE1Mw==,2
LTM1Mjg4Mjk5MTA4MDE0NTg4NjY=,10
NTM1MzAxNzAzMzIzMjgwMjk2OQ==,13
LTM5MDUxMjc4OTU1NTg4NzU2NTg=,10
Mjg5MzA0OTkyNDI4OTU1NzIzOQ==,6
LTYyNjQ4Nzk1Njk2MDAzMzU4NDM=,10
LTcyNTEzNTQ0MjY1MjEwNjcwOTE=,9
LTc1NzkzNDI3MzM5MjU0MjgzNTA=,6
MzU1ODcxOTgyOTUwNDc4NDc0OA==,6
LTM0MzM1MjE1NzU4MzI5NzY5NTU=,10
LTE4NDkyNjkwNjM3MDgyMTYzNTI=,10
NDE1Mzg2ODc0MDE2NDg1ODg3MA==,13
Mjg3NzMzNjQ5NDUzMzk2NDM5MQ==,6
NzkzNjY3NjU2NTY3OTgyMTI1MQ==,11
LTIxNjk0MDU4NTM0NDQ3NjIyNTQ=,6
LTI1OTI5MTg0Nzg4MTY0NTYy,12
LTQyOTgwNzUwMjYyNjk0NjQwOTQ=,2
LTI1MzM0NzM4NzcyMjY4NTY1MjE=,13
NjQyMTAwMDY4OTk2NzM4ODk3OQ==,9
ODQyNDgxOTU4NTc3ODgwMjg4NQ==,14
ODczMzEwMzAyMzE0NDc2MzE4OQ==,11
LTg3MjA3NTQxMzkwMzQ1OTE5MzY=,14
NzI1MTg5OTQzMTIyNzU1MjY2Ng==,4
OTE2NjQxNzM3OTg4MjE2NDgxOA==,6
LTU1MDc0MzA4NTI3NzkzNzg1Nzk=,14
ODQ2Nzg0NDAyOTIxNzY1ODQ0,12
LTcwNjk1ODM0NzkwNDgxODQ3ODM=,8
Mzc5NjczMDQ3NjYxMzc5ODI0MQ==,14
NjI1MDAzMTgyMjA2Mjg1NzAxNw==,9
ODk3MzIzOTkzMTc3NzM0MTA0MQ==,4
LTIxODI3MDI4MDAwNTYyMzc0MDc=,12
MjcyMTgwNTkyNDgxNTExMjE3MA==,6
ODg2NzkzNjA0OTYyNDkzODA0Nw==,14
NTA1OTEyODIyMDAxODQ5MDE=,12
MzQ1NDU4NDA4NTY3MjQ4NTk1OA==,13
NjM0NzQ4NzY1NDk5NTU2MDIwMg==,14
LTYwNDMwMzc3MTEyNTY3MjA2OTE=,13
LTU1NDUxMTMzNzI3MDEzNTgwMTI=,6
LTUxNTg1Mzk1OTcxOTg1ODIwMDY=,8
NjI1NTE2MDkwNjEzOTY4OTI4OQ==,14
NDA0NDg3OTQxNTM4ODY5NjAwNA==,6
ODI1OTIzNzAzMjgwMzQ3ODU4Mw==,7
ODUxMjk1NDc1MTI3NzE3MTA1Ng==,10
LTQwMTk3OTczNjQzOTc0MzI3Mjg=,2
NTQ3NDU5MjUyNDE0ODk3MTU5,1
NjE5NzA5NTc0MjQxNDEwODc3NA==,12
NjQ5NDEyODU2MTk4MjI3NjI5,8
LTU0NDI2NzgwMTAzNjk3NTEyMDA=,9
NDg4MTcwMzQ3Njc1NjQyOTA2OQ==,8
MTg5NDA0MjkxMDEwNDA3NzYyMQ==,14
NDE0OTM1OTk0NDU0MzQzOTAwNA==,14
LTE4OTU2OTA0MjM0MDE1NzI2ODY=,6
LTkxMzYxNDAzNTM0MDIxMTY0MjQ=,6
LTQzNjI4OTg3MDAyNzUwNTE3MzA=,6
ODExOTU2MDk1Njc4OTgwNTg4NA==,11
LTczOTQ3NjMwMDYwNzgyNjI2OTg=,14
NTkzOTMzMDgyODY3OTAyMDAxNQ==,8
LTQzNzc4MzQ1OTgyMDE2NjM5NDU=,5
LTIxNTk2MzQ4ODEyMDAyODI1Mg==,6
LTUxODU5NjU4MzgyOTU1MDkwMzg=,11
MTUxNDEwNTM1MTQzNzQ4NTk0MA==,14
LTQ4ODk4MjE1NDgwNjQxMjA1MjE=,8
LTE0NDE4MDI5NDUwMjMwNTc3ODg=,13
LTgzMjMyODEzMzY4MjI2MDkzNjI=,4
LTM5ODQ2MDg1ODE4ODg5NzU4MjU=,12
LTY4MjQ4OTU1NTIzNDA1NjU4OTE=,8
LTEwNzg2MDMyNTQ2MzgxOTA0NjU=,10
LTI4NDgyMzczNjYwMzY2MTkxNDU=,4
LTMzOTY0MTM5MDgzMDg2MjgyMDg=,14
NDU1OTMzODg4MTExMDAwMzM0NA==,9
LTY2NDUwNTM1NjI5MDQ5MTM4Mg==,14
LTU1Mzg2NDY3NzExMzYzMDE0OQ==,14
NDI3MjY0MTEyOTUyMzIzMjYyMQ==,12
LTg5NzY5MjM2NzgzODM5NDI4ODQ=,0
MTI0MzUwNzQwMzcxNzI5MTIyMA==,5
LTYyNDg1MDUwNzMyODc0NTA4NTk=,3
ODk0NzkxNjI5OTc1Mjc1Nzk4Nw==,6
LTc1NzU3NzI3MTAzNzYyNTgzOTg=,1
LTMwMjQ1Mzc0ODM3MDg5NTQ5NTk=,14
LTMwMjg3Mjk0MDgwNjA3MzQzNzA=,6
MTM0NTAzNjQxODkxODc3MzU1NQ==,5
LTgzMTEzNDgxNzYzOTU1NTA0NjQ=,4
ODE1MDk4MDA4Mzc2NDcxMTU0OA==,12
ODA2NDYxOTExNTQ0OTQyNjUyNg==,4
Njg3NTIwNTI5MTkzNzczODg0Mg==,0
LTQwNTUwNTczODQ1MzgxOTE3Mzc=,0
LTM2ODY5NDQ2NTM0Mzc1MzE3Nzg=,8
LTE4NjY4ODc1Mzk5MDcyNzY4ODM=,8
LTE2NjgyNDE2NTI2NDIyMzYwODA=,13
LTUwOTQyNTg3NTA4MTAxNDkyOA==,7
OTAzMzg2NzIyNzkyMjI4MjkwNg==,12
NzQ3NjY2ODEzODIxNTkyNDY3Mw==,14
NzI0NjE5MzI0MjkzNDczODU1Ng==,12
MTcwMDk1MTcwNjQzMzYxNzcwNg==,1
LTc5MzM1MjM4NjE4Nzc1NzQ1NTM=,14
MTcxNjM4MTg3NDExNDQyMDkxMw==,14
LTQyMDMxNDE4NDQ3ODQ5NDYxNDM=,14
LTYzNTA1MjI1MjI2NTg1ODYwNzQ=,6
MzUwNTU4NTk2NTYwNDY4MzU3Ng==,14
LTcyMTA4OTcwODA5Nzg1OTg1MzY=,10
ODU1OTMyOTYzODAyNzIwNDI1NQ==,10
LTkyMDEzNjk5MjkzNTM4ODU1NDM=,6
LTQ2OTg1OTM0MzMxMDI0MzY0NTg=,5
NzY5MzU5Nzg3MjUxMjI1NDg4,4
LTkwNjUwMDI5NjQ3MTU0MzMxNzY=,14
LTUwMTMzODI5MTY5NjYxMDQ3ODM=,13
LTgxNDE0NDcxODE1MTA1MjIwMDk=,0
LTgzOTkzMjcyMzc1ODk2NDUxOTc=,10
MjY5NTkxNjI2NTMxMjM5MDQy,6
MTk5ODE2NDE1ODYxMzAwNTgxMQ==,6
MzY4Nzg5MjkzNjI5ODQ4MTU0Ng==,13
MTQzMzc4NTQzMDA3OTA2ODIwMA==,1
LTQwMzI4MDY2ODQ5ODEwNDQxNDk=,4
LTcyNTIzMzg4NDk2NjMwMjExNTU=,12
LTg0MzEyMzc5NTA0NTMyNDI3NDM=,8
OTk0MDQ1MTgzMjIyMTUwMzA2,10
LTQ0NDQ3NTExMDYwNTI2OTk3NDk=,12
LTE1NzQxODg5MjY2ODk4MDE1MjM=,11
LTYyMjc2OTA0MDAyNzUyMzM0NDg=,11
LTYwOTc3NDc4NTQyNDIzMjgzMTU=,14
NTc5MzEwMzMzMzcyNDYzNTY5OA==,3
LTc5MTM0MTk3MDk4MjYxMDk2OTA=,4
LTYwOTEwNzc4NTI3MTI2NDYxNDU=,1
NjY5OTgxMzUxMjAzMjMwOTMwMw==,14
LTU4NTIxMjc4MDk2NTA2MTA0Mzc=,13
LTg5ODUwNTUyMTkwODQ4NzcyOTQ=,12
LTcwMzA5MjY0MTYxNjQ4NTY4NTU=,6
LTg5OTYyNzkyNzg0MzkyMzY3MDc=,14
NzQ2OTM0ODE4MzkxMzY4Nzc2NA==,5
NzcyOTE1NjY1ODIyODY5NjQ2Nw==,10
LTY1MzYxMDIzODI5NTUyMTg1MTM=,7
LTMxMTQ5NzM3MTEwMDg2ODI3NA==,8
LTM3MzE0ODM1OTE4NDI0MjI3NDk=,5
LTEyMDI5MzMwNzQzOTMxMjQxMzg=,11
LTE1NTc0MjE2MDk1NzczNjY0ODY=,13
NDQyODM5OTcwOTAxNzgwMzM2,8
NzIwNzg0MDg1ODI5ODg3OTM3NA==,0
MTgxMzcwNjYxMjczMTg3NDkzMw==,14
LTU0NDI3Njc2NDE2NTU2OTc4NzI=,12
MTcxMjk4NDMyNzc1OTQxMzMzMQ==,10
LTQ5MzUwNzU0NzE3MDI0ODg2MDQ=,14
LTgwODM3NTM0MzQ4NTMyNDIxMjg=,5
LTkxNTgzMDcwMjA2OTc0NDA1NzU=,13
NDAyNzU2MTU0MDY3NDM4Njk1Mg==,14
LTIyNDgwNDYxNTc0ODY4Nzg5Mw==,10
MTY2MDcyNzYyNDA4MzI0MjI3NQ==,14
NzAyMTIyMjc5OTA4MzAxODk5OA==,12
NzAxMjUzNzc0ODM3NzgwMjYyMA==,12
NjY4MDM4NDc2OTk4NTA2NTQyNA==,14
NTI3MjkyNDMwNjMzMDgxMzQzNw==,12
NzMyNjkzMzgwMjcwNTczMjc1NA==,14
MzI2MTEyMTkzODU1MjEzNTQyMA==,14
LTM1NzMyNTY5OTAyNTczMzU5Mjk=,7
OTIwNzUzMDEwMjQ3NDQyMzIwMw==,14
LTU0NjQxOTE3MjY5NTg2NzYyODg=,14
ODE5NzIzNjk4MTI2NzY1NDc1Nw==,9
ODI3ODU5MjM4MTQ3MjQzODczNQ==,14
OTA1OTU1ODUxMTE0MDM4MjMyNA==,1
MTYwMzE5NzU5NTM4NjgxNTkzNw==,5
MTM5MzAyNTM1NDgwNTc5ODU=,14
OTExNzY4MjkwMTE2Nzc2NjU0Ng==,8
Njk2NDA1NDQ3Mjc2NjU2NTc5,10
NTc5MzUzMDE5MzE3NjQ4OTM0Mw==,13
NzkyMjEzNDAzMjMzNDM4ODMwMg==,4
LTQxODUyNDE5Njc1ODg0NTYwNjE=,11
MTczODk5NzI2MDk2ODIxOTQyMA==,8
LTEzNDkwMTE2NTkzMjU4NTc0Mzk=,3
LTUxNzU1NjM2MjE3MzQ4Mjk5MjU=,14
NTcxNjM3MTUxMTUzNjM0MjYzOA==,6
LTI1NjA5NTAxNzExNTQwNTc4MTM=,13
NzUwNDY0MzczNDUxOTU1MDUx,10
Njc3ODYzNjY2NjMyODQwMTQ5OA==,13
LTY2NDc5MTc0MTQ0NDk2NDY5Nw==,14
NjY0MjYxMjMxNzE4MDUyMjA2OQ==,14
LTYzMTc1NjU1NzAyMzM5OTUyNzg=,14
LTI2NjYzMTM5MjA2MjAwMjA2MzY=,12
Mzk0NDk2NjM5Mzk3NjM5MjE2OA==,14
LTI3NTY5MjUwMjg5MDgyNzM0MQ==,8
ODM4MDU5OTYxMjgzMzAzMTMyMQ==,14
Nzg3OTI0OTE5NjI1MjMwNDAyMA==,12
LTc4MjMyNTc0NTc0NTE1OTQ4MjM=,14
LTM1OTE3MzQ2MDU3MjQwMDk3MzU=,8
MzUzMjEyOTk5NjE1MDY0Mjk4Mg==,12
LTg1NTUwMjM3OTAwNDI4NjE0NTk=,12
LTcxMjc5ODIwNTM0MDczMTg0NjM=,10
Mzc2ODI5MTYyNzY5MjY5ODI1MA==,6
MTk1NDIzMzQwMzIzMzU2MDU2Nw==,14
NzY1MzkxNDM5MzQwODgwNTc0NA==,4
NTE5MDI1NTc2NjQwODQ4NzA4NA==,12
MzAzOTc2OTc4MTEyOTc3ODEwNg==,3
MjE1NjUwNDc5NTAzMDkxNzEwNQ==,14
MzYzMjk0NTAzMjY3OTQ3ODc0MA==,8
MzQ2NzI5NDcwMzk4MzExMDI3OQ==,1
MjY2MzA3MDU1ODE1MTg5MjI3Nw==,8
LTg3NzQ1MDg5Mjc5NTExMTYwMjc=,14
ODI1Mjk2MzM2Mjc5NTk3MTEyOA==,11
MTg3NDU5NjI2MDE0OTc4Nzc4NA==,9
LTIyMTE0OTc2NDE1MzA3NzA3MDE=,11
LTgwMDM1Nzc3OTg1NDU4NDI1NjM=,9
LTM4NzgzMDcwNDAyNDE1NDIy,14
MjUwOTA5NDQzNTMzNzg2MDgzNQ==,11
LTIzMDQzNTQzNzI3Mzg0Mzk0MzE=,9
ODA2NDY0MDg3NzcyNDcyNjc1NQ==,13
LTI5MjA0NzI5MjIzNzA2NTA1Mzk=,13
LTcxMDc1MDk1Mzk3MTIzNzMzNA==,13
NzMwMTQwNjE1Mzk2ODM4MDgyNA==,11
LTYzNjUzODMwNzE0MzI2NTczMTI=,6
NTA5OTkwMzIzNDQ4MzEzMzEwNg==,8
LTIxOTgxNDg2NzQ5ODMzOTAxMDU=,0
MTExOTAxMTczMDkzODc3NDE5OQ==,3
NzI5NjkwOTAwNDYxOTU3MDg2OQ==,5
ODYyODAyODc0MTI2MDE3ODAyMw==,4
NjI1MDQ3ODk0ODc3MzM4MjYzNA==,10
Nzg3NzEzNzA5MDUzMTc2NjkwOA==,8
Mzc0MDgxNDg2OTQ0ODk3Mzc2Mw==,12
NzE1MjQyMTMwMTAwOTg3MzE5MA==,9
Mzc3NjMyMDE0MjczNDg0NzUxNA==,14
NDQ5MjEzNjE3ODA0ODgyNTg4MA==,9
MjIxODE0MzQwNjIzOTExMDM3Mg==,6
LTE1MTAzMDU4NDQzOTkzNjE1NTM=,9
MzYyMDYwNjc3NTYyMzIyMzIyMA==,6
MjQ1NTc4MDY3ODU4NDE4MDI2Mg==,12
LTQ3NDAxNDYyNzI5NDgxNzk1MjE=,3
LTU3NDI4MzI0MDU3ODU3NzM4NTU=,14
LTcyMTU0NDkyNDk2MTQ3ODM1Njk=,4
MzY5OTk2MzU3NDA3MjczNjE=,0
LTM1NzQ2NTg2ODc2MzQ3MDQ2MjE=,9
Nzk0NzA0MjYxMTg3NDkxNjQ4OQ==,14
LTMzMjA0NjkyNzYwMDQ0NDUyNzY=,12
LTQxNDgxNjU0MzY3OTQzNzIzMTc=,11
NjQyMjk5MDM5OTgwNzY2NDU1MQ==,14
LTk2NzY1NzIyNTY3MzIxMDkyOA==,14
